origination_month,mob,defaults_90dpd,cumulative_defaults_90dpd,loans_originated,cumulative_default_rate
2022-01,0,0,0,1340,0.0
2022-01,1,0,0,1340,0.0
2022-01,2,0,0,1340,0.0
2022-01,3,2,2,1340,0.0014925373134328358
2022-01,4,5,7,1340,0.0052238805970149255
2022-01,5,10,17,1340,0.012686567164179104
2022-01,6,16,33,1340,0.024626865671641792
2022-01,7,18,51,1340,0.03805970149253731
2022-01,8,18,69,1340,0.05149253731343283
2022-01,9,21,90,1340,0.06716417910447761
2022-01,10,22,112,1340,0.08358208955223881
2022-01,11,22,134,1340,0.1
2022-01,12,18,152,1340,0.11343283582089553
2022-01,13,15,167,1340,0.12462686567164179
2022-01,14,13,180,1340,0.13432835820895522
2022-01,15,11,191,1340,0.14253731343283582
2022-01,16,10,201,1340,0.15
2022-01,17,7,208,1340,0.15522388059701492
2022-01,18,6,214,1340,0.15970149253731344
2022-01,19,9,223,1340,0.1664179104477612
2022-01,20,6,229,1340,0.1708955223880597
2022-01,21,3,232,1340,0.17313432835820897
2022-01,22,5,237,1340,0.17686567164179104
2022-01,23,4,241,1340,0.1798507462686567
2022-01,24,4,245,1340,0.1828358208955224
2022-01,25,2,247,1340,0.1843283582089552
2022-01,26,1,248,1340,0.18507462686567164
2022-01,27,1,249,1340,0.18582089552238806
2022-01,28,0,249,1340,0.18582089552238806
2022-01,29,0,249,1340,0.18582089552238806
2022-01,30,0,249,1340,0.18582089552238806
2022-01,31,0,249,1340,0.18582089552238806
2022-01,32,0,249,1340,0.18582089552238806
2022-01,33,0,249,1340,0.18582089552238806
2022-01,34,0,249,1340,0.18582089552238806
2022-01,35,0,249,1340,0.18582089552238806
2022-02,0,0,0,1476,0.0
2022-02,1,0,0,1476,0.0
2022-02,2,0,0,1476,0.0
2022-02,3,1,1,1476,0.0006775067750677507
2022-02,4,3,4,1476,0.0027100271002710027
2022-02,5,7,11,1476,0.007452574525745257
2022-02,6,9,20,1476,0.013550135501355014
2022-02,7,11,31,1476,0.02100271002710027
2022-02,8,16,47,1476,0.03184281842818428
2022-02,9,16,63,1476,0.042682926829268296
2022-02,10,18,81,1476,0.054878048780487805
2022-02,11,15,96,1476,0.06504065040650407
2022-02,12,15,111,1476,0.07520325203252033
2022-02,13,13,124,1476,0.08401084010840108
2022-02,14,15,139,1476,0.09417344173441734
2022-02,15,13,152,1476,0.10298102981029811
2022-02,16,15,167,1476,0.11314363143631437
2022-02,17,15,182,1476,0.12330623306233063
2022-02,18,11,193,1476,0.13075880758807587
2022-02,19,11,204,1476,0.13821138211382114
2022-02,20,3,207,1476,0.1402439024390244
2022-02,21,3,210,1476,0.14227642276422764
2022-02,22,1,211,1476,0.1429539295392954
2022-02,23,2,213,1476,0.1443089430894309
2022-02,24,2,215,1476,0.14566395663956638
2022-02,25,2,217,1476,0.1470189701897019
2022-02,26,0,217,1476,0.1470189701897019
2022-02,27,0,217,1476,0.1470189701897019
2022-02,28,1,218,1476,0.14769647696476965
2022-02,29,1,219,1476,0.1483739837398374
2022-02,30,1,220,1476,0.14905149051490515
2022-02,31,1,221,1476,0.1497289972899729
2022-02,32,0,221,1476,0.1497289972899729
2022-03,0,0,0,1572,0.0
2022-03,1,0,0,1572,0.0
2022-03,2,0,0,1572,0.0
2022-03,3,1,1,1572,0.0006361323155216285
2022-03,4,5,6,1572,0.003816793893129771
2022-03,5,13,19,1572,0.012086513994910942
2022-03,6,20,39,1572,0.02480916030534351
2022-03,7,21,60,1572,0.03816793893129771
2022-03,8,22,82,1572,0.05216284987277354
2022-03,9,25,107,1572,0.06806615776081425
2022-03,10,28,135,1572,0.08587786259541985
2022-03,11,25,160,1572,0.10178117048346055
2022-03,12,21,181,1572,0.11513994910941476
2022-03,13,26,207,1572,0.1316793893129771
2022-03,14,24,231,1572,0.14694656488549618
2022-03,15,21,252,1572,0.16030534351145037
2022-03,16,18,270,1572,0.1717557251908397
2022-03,17,15,285,1572,0.18129770992366412
2022-03,18,15,300,1572,0.19083969465648856
2022-03,19,14,314,1572,0.19974554707379136
2022-03,20,7,321,1572,0.20419847328244276
2022-03,21,2,323,1572,0.205470737913486
2022-03,22,3,326,1572,0.20737913486005088
2022-03,23,3,329,1572,0.20928753180661577
2022-03,24,2,331,1572,0.21055979643765904
2022-03,25,2,333,1572,0.21183206106870228
2022-03,26,1,334,1572,0.21246819338422393
2022-03,27,1,335,1572,0.21310432569974555
2022-03,28,1,336,1572,0.21374045801526717
2022-03,29,1,337,1572,0.2143765903307888
2022-03,30,0,337,1572,0.2143765903307888
2022-03,31,0,337,1572,0.2143765903307888
2022-03,32,1,338,1572,0.21501272264631044
2022-03,33,1,339,1572,0.21564885496183206
2022-03,34,1,340,1572,0.21628498727735368
2022-03,35,0,340,1572,0.21628498727735368
2022-03,36,0,340,1572,0.21628498727735368
2022-03,37,0,340,1572,0.21628498727735368
2022-04,0,0,0,1648,0.0
2022-04,1,0,0,1648,0.0
2022-04,2,0,0,1648,0.0
2022-04,3,2,2,1648,0.0012135922330097086
2022-04,4,8,10,1648,0.006067961165048544
2022-04,5,11,21,1648,0.012742718446601941
2022-04,6,17,38,1648,0.023058252427184466
2022-04,7,19,57,1648,0.0345873786407767
2022-04,8,23,80,1648,0.04854368932038835
2022-04,9,27,107,1648,0.06492718446601942
2022-04,10,25,132,1648,0.08009708737864078
2022-04,11,26,158,1648,0.09587378640776699
2022-04,12,26,184,1648,0.11165048543689321
2022-04,13,21,205,1648,0.12439320388349515
2022-04,14,22,227,1648,0.13774271844660194
2022-04,15,22,249,1648,0.15109223300970873
2022-04,16,22,271,1648,0.16444174757281554
2022-04,17,17,288,1648,0.17475728155339806
2022-04,18,15,303,1648,0.18385922330097088
2022-04,19,12,315,1648,0.19114077669902912
2022-04,20,7,322,1648,0.1953883495145631
2022-04,21,5,327,1648,0.19842233009708737
2022-04,22,2,329,1648,0.19963592233009708
2022-04,23,2,331,1648,0.2008495145631068
2022-04,24,1,332,1648,0.20145631067961164
2022-04,25,1,333,1648,0.2020631067961165
2022-04,26,0,333,1648,0.2020631067961165
2022-04,27,0,333,1648,0.2020631067961165
2022-04,28,0,333,1648,0.2020631067961165
2022-04,29,0,333,1648,0.2020631067961165
2022-04,30,0,333,1648,0.2020631067961165
2022-04,31,0,333,1648,0.2020631067961165
2022-05,0,0,0,1731,0.0
2022-05,1,0,0,1731,0.0
2022-05,2,0,0,1731,0.0
2022-05,3,2,2,1731,0.0011554015020219526
2022-05,4,7,9,1731,0.005199306759098787
2022-05,5,12,21,1731,0.012131715771230503
2022-05,6,11,32,1731,0.01848642403235124
2022-05,7,19,51,1731,0.029462738301559793
2022-05,8,25,76,1731,0.0439052570768342
2022-05,9,30,106,1731,0.06123627960716349
2022-05,10,29,135,1731,0.0779896013864818
2022-05,11,31,166,1731,0.09589832466782207
2022-05,12,31,197,1731,0.11380704794916234
2022-05,13,29,226,1731,0.13056036972848065
2022-05,14,29,255,1731,0.14731369150779897
2022-05,15,24,279,1731,0.1611785095320624
2022-05,16,17,296,1731,0.170999422299249
2022-05,17,18,314,1731,0.18139803581744657
2022-05,18,19,333,1731,0.1923743500866551
2022-05,19,17,350,1731,0.2021952628538417
2022-05,20,8,358,1731,0.20681686886192951
2022-05,21,8,366,1731,0.21143847487001732
2022-05,22,7,373,1731,0.21548238012709417
2022-05,23,4,377,1731,0.21779318313113807
2022-05,24,3,380,1731,0.219526285384171
2022-05,25,4,384,1731,0.2218370883882149
2022-05,26,1,385,1731,0.22241478913922588
2022-05,27,1,386,1731,0.22299248989023684
2022-05,28,0,386,1731,0.22299248989023684
2022-05,29,0,386,1731,0.22299248989023684
2022-05,30,0,386,1731,0.22299248989023684
2022-05,31,1,387,1731,0.22357019064124783
2022-05,32,0,387,1731,0.22357019064124783
2022-05,33,0,387,1731,0.22357019064124783
2022-05,34,0,387,1731,0.22357019064124783
2022-05,35,0,387,1731,0.22357019064124783
2022-05,36,0,387,1731,0.22357019064124783
2022-05,37,0,387,1731,0.22357019064124783
2022-06,0,0,0,1789,0.0
2022-06,1,0,0,1789,0.0
2022-06,2,0,0,1789,0.0
2022-06,3,5,5,1789,0.002794857462269424
2022-06,4,7,12,1789,0.006707657909446618
2022-06,5,11,23,1789,0.012856344326439352
2022-06,6,19,42,1789,0.023476802683063163
2022-06,7,23,65,1789,0.03633314700950251
2022-06,8,29,94,1789,0.05254332029066518
2022-06,9,33,127,1789,0.07098937954164337
2022-06,10,29,156,1789,0.08719955282280603
2022-06,11,28,184,1789,0.10285075461151481
2022-06,12,28,212,1789,0.11850195640022358
2022-06,13,32,244,1789,0.1363890441587479
2022-06,14,20,264,1789,0.1475684740078256
2022-06,15,21,285,1789,0.1593068753493572
2022-06,16,22,307,1789,0.17160424818334266
2022-06,17,18,325,1789,0.18166573504751257
2022-06,18,18,343,1789,0.1917272219116825
2022-06,19,13,356,1789,0.19899385131358302
2022-06,20,5,361,1789,0.20178870877585242
2022-06,21,4,365,1789,0.20402459474566798
2022-06,22,2,367,1789,0.20514253773057575
2022-06,23,2,369,1789,0.2062604807154835
2022-06,24,2,371,1789,0.20737842370039128
2022-06,25,1,372,1789,0.20793739519284515
2022-06,26,0,372,1789,0.20793739519284515
2022-06,27,0,372,1789,0.20793739519284515
2022-06,28,0,372,1789,0.20793739519284515
2022-06,29,0,372,1789,0.20793739519284515
2022-06,30,0,372,1789,0.20793739519284515
2022-06,31,0,372,1789,0.20793739519284515
2022-07,0,0,0,1785,0.0
2022-07,1,0,0,1785,0.0
2022-07,2,0,0,1785,0.0
2022-07,3,1,1,1785,0.0005602240896358543
2022-07,4,7,8,1785,0.004481792717086834
2022-07,5,16,24,1785,0.013445378151260505
2022-07,6,18,42,1785,0.023529411764705882
2022-07,7,21,63,1785,0.03529411764705882
2022-07,8,24,87,1785,0.04873949579831933
2022-07,9,25,112,1785,0.06274509803921569
2022-07,10,26,138,1785,0.0773109243697479
2022-07,11,26,164,1785,0.09187675070028012
2022-07,12,31,195,1785,0.1092436974789916
2022-07,13,38,233,1785,0.13053221288515407
2022-07,14,32,265,1785,0.1484593837535014
2022-07,15,30,295,1785,0.16526610644257703
2022-07,16,28,323,1785,0.18095238095238095
2022-07,17,25,348,1785,0.1949579831932773
2022-07,18,20,368,1785,0.2061624649859944
2022-07,19,13,381,1785,0.2134453781512605
2022-07,20,5,386,1785,0.21624649859943978
2022-07,21,5,391,1785,0.21904761904761905
2022-07,22,7,398,1785,0.22296918767507004
2022-07,23,6,404,1785,0.22633053221288515
2022-07,24,5,409,1785,0.22913165266106442
2022-07,25,5,414,1785,0.2319327731092437
2022-07,26,2,416,1785,0.2330532212885154
2022-07,27,5,421,1785,0.23585434173669467
2022-07,28,4,425,1785,0.23809523809523808
2022-07,29,2,427,1785,0.23921568627450981
2022-07,30,1,428,1785,0.23977591036414567
2022-07,31,2,430,1785,0.24089635854341737
2022-07,32,2,432,1785,0.24201680672268908
2022-07,33,2,434,1785,0.24313725490196078
2022-07,34,2,436,1785,0.24425770308123249
2022-07,35,1,437,1785,0.24481792717086834
2022-07,36,1,438,1785,0.2453781512605042
2022-07,37,1,439,1785,0.24593837535014004
2022-08,0,0,0,1662,0.0
2022-08,1,0,0,1662,0.0
2022-08,2,0,0,1662,0.0
2022-08,3,2,2,1662,0.0012033694344163659
2022-08,4,9,11,1662,0.006618531889290012
2022-08,5,8,19,1662,0.011432009626955475
2022-08,6,15,34,1662,0.02045728038507822
2022-08,7,23,57,1662,0.03429602888086643
2022-08,8,29,86,1662,0.05174488567990373
2022-08,9,30,116,1662,0.06979542719614922
2022-08,10,32,148,1662,0.08904933814681107
2022-08,11,31,179,1662,0.10770156438026474
2022-08,12,35,214,1662,0.12876052948255115
2022-08,13,29,243,1662,0.14620938628158844
2022-08,14,26,269,1662,0.1618531889290012
2022-08,15,21,290,1662,0.17448856799037304
2022-08,16,22,312,1662,0.18772563176895307
2022-08,17,14,326,1662,0.19614921780986763
2022-08,18,14,340,1662,0.2045728038507822
2022-08,19,10,350,1662,0.21058965102286403
2022-08,20,8,358,1662,0.21540312876052947
2022-08,21,7,365,1662,0.21961492178098677
2022-08,22,5,370,1662,0.2226233453670277
2022-08,23,3,373,1662,0.22442839951865223
2022-08,24,1,374,1662,0.2250300842358604
2022-08,25,3,377,1662,0.22683513838748495
2022-08,26,2,379,1662,0.22803850782190133
2022-08,27,2,381,1662,0.2292418772563177
2022-08,28,2,383,1662,0.23044524669073405
2022-08,29,3,386,1662,0.2322503008423586
2022-08,30,1,387,1662,0.2328519855595668
2022-08,31,0,387,1662,0.2328519855595668
2022-08,32,0,387,1662,0.2328519855595668
2022-08,33,0,387,1662,0.2328519855595668
2022-08,34,0,387,1662,0.2328519855595668
2022-09,0,0,0,1633,0.0
2022-09,1,0,0,1633,0.0
2022-09,2,0,0,1633,0.0
2022-09,3,0,0,1633,0.0
2022-09,4,6,6,1633,0.003674219228413962
2022-09,5,14,20,1633,0.01224739742804654
2022-09,6,19,39,1633,0.023882424984690752
2022-09,7,23,62,1633,0.037966932026944275
2022-09,8,25,87,1633,0.05327617881200245
2022-09,9,31,118,1633,0.07225964482547459
2022-09,10,28,146,1633,0.08940600122473974
2022-09,11,33,179,1633,0.10961420698101654
2022-09,12,27,206,1633,0.12614819350887937
2022-09,13,31,237,1633,0.1451316595223515
2022-09,14,25,262,1633,0.16044090630740968
2022-09,15,27,289,1633,0.1769748928352725
2022-09,16,29,318,1633,0.19473361910593998
2022-09,17,20,338,1633,0.20698101653398654
2022-09,18,20,358,1633,0.21922841396203308
2022-09,19,18,376,1633,0.23025107164727496
2022-09,20,10,386,1633,0.23637477036129823
2022-09,21,11,397,1633,0.24311083894672383
2022-09,22,11,408,1633,0.24984690753214941
2022-09,23,9,417,1633,0.25535823637477034
2022-09,24,4,421,1633,0.25780771586037965
2022-09,25,3,424,1633,0.25964482547458667
2022-09,26,2,426,1633,0.2608695652173913
2022-09,27,1,427,1633,0.26148193508879364
2022-09,28,1,428,1633,0.262094304960196
2022-09,29,1,429,1633,0.26270667483159826
2022-09,30,1,430,1633,0.2633190447030006
2022-09,31,1,431,1633,0.26393141457440294
2022-09,32,1,432,1633,0.2645437844458053
2022-09,33,1,433,1633,0.26515615431720757
2022-09,34,0,433,1633,0.26515615431720757
2022-10,0,0,0,1642,0.0
2022-10,1,0,0,1642,0.0
2022-10,2,1,1,1642,0.0006090133982947625
2022-10,3,4,5,1642,0.0030450669914738123
2022-10,4,6,11,1642,0.006699147381242387
2022-10,5,10,21,1642,0.012789281364190013
2022-10,6,21,42,1642,0.025578562728380026
2022-10,7,27,69,1642,0.04202192448233861
2022-10,8,34,103,1642,0.06272838002436054
2022-10,9,42,145,1642,0.08830694275274056
2022-10,10,42,187,1642,0.11388550548112059
2022-10,11,44,231,1642,0.14068209500609014
2022-10,12,43,274,1642,0.1668696711327649
2022-10,13,39,313,1642,0.19062119366626065
2022-10,14,33,346,1642,0.21071863580998781
2022-10,15,30,376,1642,0.2289890377588307
2022-10,16,30,406,1642,0.24725943970767356
2022-10,17,26,432,1642,0.2630937880633374
2022-10,18,22,454,1642,0.27649208282582216
2022-10,19,19,473,1642,0.28806333739342266
2022-10,20,11,484,1642,0.29476248477466505
2022-10,21,9,493,1642,0.3002436053593179
2022-10,22,8,501,1642,0.305115712545676
2022-10,23,7,508,1642,0.3093788063337393
2022-10,24,7,515,1642,0.31364190012180265
2022-10,25,4,519,1642,0.3160779537149817
2022-10,26,1,520,1642,0.3166869671132765
2022-10,27,1,521,1642,0.31729598051157126
2022-10,28,1,522,1642,0.31790499390986604
2022-10,29,1,523,1642,0.31851400730816076
2022-10,30,0,523,1642,0.31851400730816076
2022-10,31,1,524,1642,0.31912302070645554
2022-10,32,1,525,1642,0.3197320341047503
2022-10,33,1,526,1642,0.32034104750304504
2022-10,34,0,526,1642,0.32034104750304504
2022-10,35,0,526,1642,0.32034104750304504
2022-10,36,0,526,1642,0.32034104750304504
2022-10,37,1,527,1642,0.3209500609013398
2022-10,38,1,528,1642,0.3215590742996346
2022-10,39,1,529,1642,0.3221680876979294
2022-10,40,1,530,1642,0.3227771010962241
2022-10,41,1,531,1642,0.3233861144945189
2022-11,0,0,0,1334,0.0
2022-11,1,0,0,1334,0.0
2022-11,2,0,0,1334,0.0
2022-11,3,4,4,1334,0.0029985007496251873
2022-11,4,5,9,1334,0.006746626686656672
2022-11,5,10,19,1334,0.01424287856071964
2022-11,6,15,34,1334,0.025487256371814093
2022-11,7,22,56,1334,0.041979010494752625
2022-11,8,23,79,1334,0.05922038980509745
2022-11,9,24,103,1334,0.07721139430284858
2022-11,10,25,128,1334,0.095952023988006
2022-11,11,23,151,1334,0.11319340329835083
2022-11,12,20,171,1334,0.12818590704647675
2022-11,13,21,192,1334,0.14392803598200898
2022-11,14,19,211,1334,0.15817091454272864
2022-11,15,16,227,1334,0.1701649175412294
2022-11,16,14,241,1334,0.18065967016491755
2022-11,17,12,253,1334,0.1896551724137931
2022-11,18,10,263,1334,0.19715142428785606
2022-11,19,9,272,1334,0.20389805097451275
2022-11,20,5,277,1334,0.20764617691154422
2022-11,21,4,281,1334,0.21064467766116943
2022-11,22,5,286,1334,0.2143928035982009
2022-11,23,1,287,1334,0.2151424287856072
2022-11,24,3,290,1334,0.21739130434782608
2022-11,25,3,293,1334,0.21964017991004497
2022-11,26,1,294,1334,0.22038980509745126
2022-11,27,1,295,1334,0.22113943028485758
2022-11,28,1,296,1334,0.22188905547226387
2022-11,29,1,297,1334,0.22263868065967016
2022-11,30,1,298,1334,0.22338830584707647
2022-11,31,0,298,1334,0.22338830584707647
2022-11,32,0,298,1334,0.22338830584707647
2022-11,33,0,298,1334,0.22338830584707647
2022-12,0,0,0,1261,0.0
2022-12,1,0,0,1261,0.0
2022-12,2,0,0,1261,0.0
2022-12,3,1,1,1261,0.0007930214115781126
2022-12,4,3,4,1261,0.0031720856463124504
2022-12,5,4,8,1261,0.006344171292624901
2022-12,6,10,18,1261,0.014274385408406027
2022-12,7,21,39,1261,0.030927835051546393
2022-12,8,33,72,1261,0.057097541633624106
2022-12,9,30,102,1261,0.08088818398096749
2022-12,10,31,133,1261,0.10547184773988898
2022-12,11,29,162,1261,0.12846946867565423
2022-12,12,32,194,1261,0.15384615384615385
2022-12,13,34,228,1261,0.18080888183980967
2022-12,14,25,253,1261,0.2006344171292625
2022-12,15,22,275,1261,0.21808088818398097
2022-12,16,23,298,1261,0.23632038065027755
2022-12,17,22,320,1261,0.253766851704996
2022-12,18,18,338,1261,0.26804123711340205
2022-12,19,18,356,1261,0.2823156225218081
2022-12,20,5,361,1261,0.28628072957969863
2022-12,21,4,365,1261,0.28945281522601113
2022-12,22,4,369,1261,0.29262490087232357
2022-12,23,3,372,1261,0.2950039651070579
2022-12,24,3,375,1261,0.2973830293417922
2022-12,25,4,379,1261,0.30055511498810467
2022-12,26,1,380,1261,0.3013481363996828
2022-12,27,0,380,1261,0.3013481363996828
2022-12,28,0,380,1261,0.3013481363996828
2022-12,29,0,380,1261,0.3013481363996828
2022-12,30,0,380,1261,0.3013481363996828
2022-12,31,0,380,1261,0.3013481363996828
2023-01,0,0,0,1140,0.0
2023-01,1,0,0,1140,0.0
2023-01,2,0,0,1140,0.0
2023-01,3,0,0,1140,0.0
2023-01,4,3,3,1140,0.002631578947368421
2023-01,5,7,10,1140,0.008771929824561403
2023-01,6,16,26,1140,0.02280701754385965
2023-01,7,29,55,1140,0.04824561403508772
2023-01,8,28,83,1140,0.07280701754385965
2023-01,9,31,114,1140,0.1
2023-01,10,33,147,1140,0.12894736842105264
2023-01,11,33,180,1140,0.15789473684210525
2023-01,12,32,212,1140,0.18596491228070175
2023-01,13,28,240,1140,0.21052631578947367
2023-01,14,23,263,1140,0.2307017543859649
2023-01,15,20,283,1140,0.2482456140350877
2023-01,16,17,300,1140,0.2631578947368421
2023-01,17,13,313,1140,0.27456140350877195
2023-01,18,10,323,1140,0.2833333333333333
2023-01,19,9,332,1140,0.2912280701754386
2023-01,20,5,337,1140,0.2956140350877193
2023-01,21,3,340,1140,0.2982456140350877
2023-01,22,0,340,1140,0.2982456140350877
2023-01,23,1,341,1140,0.29912280701754385
2023-01,24,1,342,1140,0.3
2023-01,25,1,343,1140,0.30087719298245613
2023-01,26,1,344,1140,0.3017543859649123
2023-01,27,1,345,1140,0.3026315789473684
2023-01,28,2,347,1140,0.3043859649122807
2023-01,29,2,349,1140,0.306140350877193
2023-01,30,2,351,1140,0.3078947368421053
2023-01,31,2,353,1140,0.30964912280701756
2023-02,0,0,0,1088,0.0
2023-02,1,0,0,1088,0.0
2023-02,2,2,2,1088,0.001838235294117647
2023-02,3,4,6,1088,0.0055147058823529415
2023-02,4,7,13,1088,0.011948529411764705
2023-02,5,13,26,1088,0.02389705882352941
2023-02,6,16,42,1088,0.03860294117647059
2023-02,7,22,64,1088,0.058823529411764705
2023-02,8,29,93,1088,0.08547794117647059
2023-02,9,33,126,1088,0.11580882352941177
2023-02,10,29,155,1088,0.14246323529411764
2023-02,11,33,188,1088,0.17279411764705882
2023-02,12,28,216,1088,0.19852941176470587
2023-02,13,26,242,1088,0.22242647058823528
2023-02,14,21,263,1088,0.2417279411764706
2023-02,15,18,281,1088,0.25827205882352944
2023-02,16,15,296,1088,0.27205882352941174
2023-02,17,16,312,1088,0.2867647058823529
2023-02,18,14,326,1088,0.29963235294117646
2023-02,19,12,338,1088,0.31066176470588236
2023-02,20,6,344,1088,0.3161764705882353
2023-02,21,7,351,1088,0.3226102941176471
2023-02,22,7,358,1088,0.3290441176470588
2023-02,23,7,365,1088,0.33547794117647056
2023-02,24,6,371,1088,0.34099264705882354
2023-02,25,7,378,1088,0.3474264705882353
2023-02,26,4,382,1088,0.35110294117647056
2023-02,27,2,384,1088,0.35294117647058826
2023-02,28,2,386,1088,0.3547794117647059
2023-02,29,1,387,1088,0.3556985294117647
2023-02,30,1,388,1088,0.35661764705882354
2023-02,31,1,389,1088,0.35753676470588236
2023-03,0,0,0,1058,0.0
2023-03,1,0,0,1058,0.0
2023-03,2,0,0,1058,0.0
2023-03,3,3,3,1058,0.002835538752362949
2023-03,4,10,13,1058,0.012287334593572778
2023-03,5,21,34,1058,0.03213610586011342
2023-03,6,29,63,1058,0.05954631379962193
2023-03,7,34,97,1058,0.09168241965973535
2023-03,8,36,133,1058,0.12570888468809074
2023-03,9,37,170,1058,0.16068052930056712
2023-03,10,41,211,1058,0.1994328922495274
2023-03,11,38,249,1058,0.23534971644612476
2023-03,12,31,280,1058,0.2646502835538752
2023-03,13,25,305,1058,0.2882797731568998
2023-03,14,20,325,1058,0.30718336483931946
2023-03,15,19,344,1058,0.32514177693761814
2023-03,16,18,362,1058,0.34215500945179583
2023-03,17,17,379,1058,0.35822306238185253
2023-03,18,13,392,1058,0.3705103969754253
2023-03,19,13,405,1058,0.3827977315689981
2023-03,20,6,411,1058,0.388468809073724
2023-03,21,8,419,1058,0.3960302457466919
2023-03,22,8,427,1058,0.40359168241965976
2023-03,23,4,431,1058,0.40737240075614367
2023-03,24,5,436,1058,0.4120982986767486
2023-03,25,5,441,1058,0.4168241965973535
2023-03,26,5,446,1058,0.4215500945179584
2023-03,27,3,449,1058,0.42438563327032136
2023-03,28,1,450,1058,0.42533081285444235
2023-03,29,2,452,1058,0.42722117202268434
2023-03,30,2,454,1058,0.42911153119092627
2023-03,31,1,455,1058,0.43005671077504726
2023-03,32,1,456,1058,0.43100189035916825
2023-03,33,1,457,1058,0.43194706994328924
2023-03,34,1,458,1058,0.43289224952741023
2023-03,35,0,458,1058,0.43289224952741023
2023-04,0,0,0,926,0.0
2023-04,1,0,0,926,0.0
2023-04,2,0,0,926,0.0
2023-04,3,1,1,926,0.0010799136069114472
2023-04,4,5,6,926,0.0064794816414686825
2023-04,5,13,19,926,0.020518358531317494
2023-04,6,23,42,926,0.04535637149028078
2023-04,7,27,69,926,0.07451403887688984
2023-04,8,32,101,926,0.10907127429805616
2023-04,9,33,134,926,0.1447084233261339
2023-04,10,34,168,926,0.18142548596112312
2023-04,11,35,203,926,0.21922246220302377
2023-04,12,32,235,926,0.25377969762419006
2023-04,13,27,262,926,0.28293736501079914
2023-04,14,22,284,926,0.30669546436285094
2023-04,15,16,300,926,0.32397408207343414
2023-04,16,12,312,926,0.3369330453563715
2023-04,17,13,325,926,0.3509719222462203
2023-04,18,7,332,926,0.35853131749460043
2023-04,19,7,339,926,0.36609071274298055
2023-04,20,5,344,926,0.3714902807775378
2023-04,21,1,345,926,0.37257019438444927
2023-04,22,2,347,926,0.3747300215982721
2023-04,23,2,349,926,0.37688984881209503
2023-04,24,2,351,926,0.37904967602591794
2023-04,25,2,353,926,0.38120950323974084
2023-04,26,1,354,926,0.38228941684665224
2023-04,27,1,355,926,0.3833693304535637
2023-04,28,1,356,926,0.38444924406047515
2023-04,29,1,357,926,0.3855291576673866
2023-04,30,1,358,926,0.38660907127429806
2023-04,31,0,358,926,0.38660907127429806
2023-04,32,0,358,926,0.38660907127429806
2023-04,33,0,358,926,0.38660907127429806
2023-04,34,1,359,926,0.3876889848812095
2023-04,35,1,360,926,0.38876889848812096
2023-05,0,0,0,932,0.0
2023-05,1,0,0,932,0.0
2023-05,2,0,0,932,0.0
2023-05,3,2,2,932,0.002145922746781116
2023-05,4,4,6,932,0.006437768240343348
2023-05,5,8,14,932,0.015021459227467811
2023-05,6,15,29,932,0.03111587982832618
2023-05,7,19,48,932,0.05150214592274678
2023-05,8,18,66,932,0.07081545064377683
2023-05,9,21,87,932,0.09334763948497854
2023-05,10,21,108,932,0.11587982832618025
2023-05,11,19,127,932,0.13626609442060086
2023-05,12,18,145,932,0.1555793991416309
2023-05,13,19,164,932,0.1759656652360515
2023-05,14,21,185,932,0.1984978540772532
2023-05,15,19,204,932,0.21888412017167383
2023-05,16,17,221,932,0.2371244635193133
2023-05,17,12,233,932,0.25
2023-05,18,9,242,932,0.259656652360515
2023-05,19,8,250,932,0.26824034334763946
2023-05,20,8,258,932,0.27682403433476394
2023-05,21,7,265,932,0.2843347639484979
2023-05,22,6,271,932,0.2907725321888412
2023-05,23,3,274,932,0.2939914163090129
2023-05,24,3,277,932,0.29721030042918456
2023-05,25,1,278,932,0.2982832618025751
2023-05,26,0,278,932,0.2982832618025751
2023-05,27,0,278,932,0.2982832618025751
2023-05,28,0,278,932,0.2982832618025751
2023-05,29,0,278,932,0.2982832618025751
2023-05,30,0,278,932,0.2982832618025751
2023-05,31,0,278,932,0.2982832618025751
2023-06,0,0,0,1020,0.0
2023-06,1,0,0,1020,0.0
2023-06,2,0,0,1020,0.0
2023-06,3,2,2,1020,0.00196078431372549
2023-06,4,7,9,1020,0.008823529411764706
2023-06,5,12,21,1020,0.020588235294117647
2023-06,6,13,34,1020,0.03333333333333333
2023-06,7,18,52,1020,0.050980392156862744
2023-06,8,22,74,1020,0.07254901960784314
2023-06,9,24,98,1020,0.09607843137254903
2023-06,10,25,123,1020,0.12058823529411765
2023-06,11,24,147,1020,0.14411764705882352
2023-06,12,23,170,1020,0.16666666666666666
2023-06,13,20,190,1020,0.18627450980392157
2023-06,14,19,209,1020,0.20490196078431372
2023-06,15,16,225,1020,0.22058823529411764
2023-06,16,16,241,1020,0.23627450980392156
2023-06,17,12,253,1020,0.24803921568627452
2023-06,18,11,264,1020,0.25882352941176473
2023-06,19,10,274,1020,0.26862745098039215
2023-06,20,2,276,1020,0.27058823529411763
2023-06,21,2,278,1020,0.2725490196078431
2023-06,22,0,278,1020,0.2725490196078431
2023-06,23,1,279,1020,0.2735294117647059
2023-06,24,2,281,1020,0.2754901960784314
2023-06,25,2,283,1020,0.2774509803921569
2023-06,26,1,284,1020,0.2784313725490196
2023-06,27,1,285,1020,0.27941176470588236
2023-06,28,2,287,1020,0.28137254901960784
2023-06,29,1,288,1020,0.2823529411764706
2023-06,30,1,289,1020,0.2833333333333333
2023-06,31,0,289,1020,0.2833333333333333
2023-07,0,0,0,1101,0.0
2023-07,1,0,0,1101,0.0
2023-07,2,0,0,1101,0.0
2023-07,3,5,5,1101,0.004541326067211626
2023-07,4,10,15,1101,0.013623978201634877
2023-07,5,15,30,1101,0.027247956403269755
2023-07,6,17,47,1101,0.04268846503178928
2023-07,7,18,65,1101,0.05903723887375113
2023-07,8,19,84,1101,0.07629427792915532
2023-07,9,21,105,1101,0.09536784741144415
2023-07,10,22,127,1101,0.11534968210717529
2023-07,11,23,150,1101,0.1362397820163488
2023-07,12,25,175,1101,0.1589464123524069
2023-07,13,19,194,1101,0.17620345140781107
2023-07,14,18,212,1101,0.19255222524977295
2023-07,15,18,230,1101,0.2089009990917348
2023-07,16,14,244,1101,0.22161671207992734
2023-07,17,14,258,1101,0.23433242506811988
2023-07,18,12,270,1101,0.2452316076294278
2023-07,19,13,283,1101,0.25703905540417804
2023-07,20,9,292,1101,0.2652134423251589
2023-07,21,9,301,1101,0.27338782924613986
2023-07,22,8,309,1101,0.28065395095367845
2023-07,23,4,313,1101,0.28428701180744775
2023-07,24,3,316,1101,0.28701180744777477
2023-07,25,3,319,1101,0.28973660308810173
2023-07,26,1,320,1101,0.29064486830154407
2023-07,27,0,320,1101,0.29064486830154407
2023-07,28,0,320,1101,0.29064486830154407
2023-07,29,0,320,1101,0.29064486830154407
2023-07,30,0,320,1101,0.29064486830154407
2023-07,31,0,320,1101,0.29064486830154407
2023-08,0,0,0,1096,0.0
2023-08,1,0,0,1096,0.0
2023-08,2,1,1,1096,0.0009124087591240876
2023-08,3,4,5,1096,0.004562043795620438
2023-08,4,2,7,1096,0.006386861313868613
2023-08,5,5,12,1096,0.010948905109489052
2023-08,6,7,19,1096,0.017335766423357664
2023-08,7,13,32,1096,0.029197080291970802
2023-08,8,13,45,1096,0.04105839416058394
2023-08,9,15,60,1096,0.05474452554744526
2023-08,10,13,73,1096,0.0666058394160584
2023-08,11,13,86,1096,0.07846715328467153
2023-08,12,11,97,1096,0.0885036496350365
2023-08,13,14,111,1096,0.10127737226277372
2023-08,14,8,119,1096,0.10857664233576643
2023-08,15,6,125,1096,0.11405109489051095
2023-08,16,6,131,1096,0.11952554744525548
2023-08,17,6,137,1096,0.125
2023-08,18,5,142,1096,0.12956204379562045
2023-08,19,4,146,1096,0.1332116788321168
2023-08,20,2,148,1096,0.13503649635036497
2023-08,21,1,149,1096,0.13594890510948904
2023-08,22,2,151,1096,0.13777372262773724
2023-08,23,2,153,1096,0.1395985401459854
2023-08,24,2,155,1096,0.14142335766423358
2023-08,25,1,156,1096,0.14233576642335766
2023-08,26,0,156,1096,0.14233576642335766
2023-08,27,0,156,1096,0.14233576642335766
2023-08,28,0,156,1096,0.14233576642335766
2023-08,29,0,156,1096,0.14233576642335766
2023-08,30,0,156,1096,0.14233576642335766
2023-08,31,0,156,1096,0.14233576642335766
2023-09,0,0,0,1369,0.0
2023-09,1,0,0,1369,0.0
2023-09,2,0,0,1369,0.0
2023-09,3,4,4,1369,0.0029218407596785976
2023-09,4,6,10,1369,0.007304601899196494
2023-09,5,11,21,1369,0.015339663988312637
2023-09,6,13,34,1369,0.02483564645726808
2023-09,7,22,56,1369,0.04090577063550037
2023-09,8,24,80,1369,0.05843681519357195
2023-09,9,24,104,1369,0.07596785975164354
2023-09,10,26,130,1369,0.09495982468955443
2023-09,11,24,154,1369,0.11249086924762601
2023-09,12,23,177,1369,0.12929145361577793
2023-09,13,19,196,1369,0.14317019722425128
2023-09,14,16,212,1369,0.15485756026296568
2023-09,15,12,224,1369,0.16362308254200147
2023-09,16,10,234,1369,0.17092768444119796
2023-09,17,6,240,1369,0.17531044558071585
2023-09,18,5,245,1369,0.1789627465303141
2023-09,19,5,250,1369,0.18261504747991233
2023-09,20,1,251,1369,0.183345507669832
2023-09,21,1,252,1369,0.18407596785975164
2023-09,22,1,253,1369,0.1848064280496713
2023-09,23,1,254,1369,0.18553688823959094
2023-09,24,1,255,1369,0.1862673484295106
2023-09,25,1,256,1369,0.18699780861943024
2023-09,26,0,256,1369,0.18699780861943024
2023-09,27,0,256,1369,0.18699780861943024
2023-09,28,0,256,1369,0.18699780861943024
2023-09,29,0,256,1369,0.18699780861943024
2023-09,30,0,256,1369,0.18699780861943024
2023-10,0,0,0,1574,0.0
2023-10,1,0,0,1574,0.0
2023-10,2,1,1,1574,0.0006353240152477764
2023-10,3,1,2,1574,0.0012706480304955528
2023-10,4,5,7,1574,0.0044472681067344345
2023-10,5,12,19,1574,0.01207115628970775
2023-10,6,15,34,1574,0.021601016518424398
2023-10,7,21,55,1574,0.0349428208386277
2023-10,8,20,75,1574,0.04764930114358323
2023-10,9,23,98,1574,0.062261753494282084
2023-10,10,20,118,1574,0.07496823379923762
2023-10,11,23,141,1574,0.08958068614993647
2023-10,12,22,163,1574,0.10355781448538755
2023-10,13,22,185,1574,0.11753494282083862
2023-10,14,19,204,1574,0.12960609911054638
2023-10,15,16,220,1574,0.1397712833545108
2023-10,16,12,232,1574,0.1473951715374841
2023-10,17,8,240,1574,0.15247776365946633
2023-10,18,7,247,1574,0.15692503176620076
2023-10,19,7,254,1574,0.1613722998729352
2023-10,20,5,259,1574,0.1645489199491741
2023-10,21,4,263,1574,0.1670902160101652
2023-10,22,4,267,1574,0.1696315120711563
2023-10,23,3,270,1574,0.17153748411689962
2023-10,24,2,272,1574,0.17280813214739518
2023-10,25,1,273,1574,0.17344345616264295
2023-10,26,0,273,1574,0.17344345616264295
2023-10,27,1,274,1574,0.17407878017789072
2023-10,28,1,275,1574,0.17471410419313851
2023-10,29,0,275,1574,0.17471410419313851
2023-11,0,0,0,1643,0.0
2023-11,1,0,0,1643,0.0
2023-11,2,1,1,1643,0.0006086427267194157
2023-11,3,1,2,1643,0.0012172854534388314
2023-11,4,4,6,1643,0.0036518563603164943
2023-11,5,9,15,1643,0.009129640900791236
2023-11,6,10,25,1643,0.015216068167985392
2023-11,7,14,39,1643,0.023737066342057214
2023-11,8,14,53,1643,0.03225806451612903
2023-11,9,14,67,1643,0.04077906269020085
2023-11,10,19,86,1643,0.05234327449786975
2023-11,11,16,102,1643,0.0620815581253804
2023-11,12,17,119,1643,0.07242848447961046
2023-11,13,19,138,1643,0.08399269628727937
2023-11,14,20,158,1643,0.09616555082166768
2023-11,15,25,183,1643,0.11138161898965307
2023-11,16,23,206,1643,0.12538040170419965
2023-11,17,18,224,1643,0.1363359707851491
2023-11,18,18,242,1643,0.1472915398660986
2023-11,19,16,258,1643,0.15702982349360925
2023-11,20,4,262,1643,0.1594643944004869
2023-11,21,5,267,1643,0.16250760803408398
2023-11,22,2,269,1643,0.16372489348752284
2023-11,23,3,272,1643,0.16555082166768106
2023-11,24,4,276,1643,0.16798539257455875
2023-11,25,4,280,1643,0.1704199634814364
2023-11,26,4,284,1643,0.17285453438831405
2023-11,27,4,288,1643,0.17528910529519173
2023-11,28,3,291,1643,0.17711503347534996
2023-12,0,0,0,1628,0.0
2023-12,1,0,0,1628,0.0
2023-12,2,0,0,1628,0.0
2023-12,3,0,0,1628,0.0
2023-12,4,5,5,1628,0.003071253071253071
2023-12,5,9,14,1628,0.0085995085995086
2023-12,6,14,28,1628,0.0171990171990172
2023-12,7,21,49,1628,0.030098280098280097
2023-12,8,25,74,1628,0.045454545454545456
2023-12,9,30,104,1628,0.06388206388206388
2023-12,10,36,140,1628,0.085995085995086
2023-12,11,29,169,1628,0.1038083538083538
2023-12,12,34,203,1628,0.1246928746928747
2023-12,13,31,234,1628,0.14373464373464373
2023-12,14,23,257,1628,0.15786240786240785
2023-12,15,16,273,1628,0.1676904176904177
2023-12,16,17,290,1628,0.17813267813267813
2023-12,17,10,300,1628,0.18427518427518427
2023-12,18,11,311,1628,0.19103194103194104
2023-12,19,9,320,1628,0.19656019656019655
2023-12,20,4,324,1628,0.19901719901719903
2023-12,21,3,327,1628,0.20085995085995087
2023-12,22,3,330,1628,0.20270270270270271
2023-12,23,2,332,1628,0.20393120393120392
2023-12,24,1,333,1628,0.20454545454545456
2023-12,25,2,335,1628,0.20577395577395577
2023-12,26,0,335,1628,0.20577395577395577
2023-12,27,0,335,1628,0.20577395577395577
2024-01,0,0,0,1633,0.0
2024-01,1,0,0,1633,0.0
2024-01,2,0,0,1633,0.0
2024-01,3,3,3,1633,0.001837109614206981
2024-01,4,8,11,1633,0.006736068585425597
2024-01,5,13,24,1633,0.014696876913655848
2024-01,6,23,47,1633,0.02878138395590937
2024-01,7,27,74,1633,0.0453153704837722
2024-01,8,27,101,1633,0.06184935701163503
2024-01,9,29,130,1633,0.07960808328230251
2024-01,10,32,162,1633,0.09920391916717697
2024-01,11,35,197,1633,0.12063686466625842
2024-01,12,32,229,1633,0.14023270055113288
2024-01,13,29,258,1633,0.15799142682180037
2024-01,14,25,283,1633,0.17330067360685855
2024-01,15,25,308,1633,0.1886099203919167
2024-01,16,25,333,1633,0.2039191671769749
2024-01,17,20,353,1633,0.21616656460502143
2024-01,18,19,372,1633,0.22780159216166565
2024-01,19,18,390,1633,0.23882424984690753
2024-01,20,12,402,1633,0.24617268830373545
2024-01,21,9,411,1633,0.2516840171463564
2024-01,22,9,420,1633,0.25719534598897736
2024-01,23,7,427,1633,0.26148193508879364
2024-01,24,6,433,1633,0.26515615431720757
2024-01,25,5,438,1633,0.2682180036742192
2024-01,26,1,439,1633,0.26883037354562156
2024-02,0,0,0,1587,0.0
2024-02,1,0,0,1587,0.0
2024-02,2,0,0,1587,0.0
2024-02,3,1,1,1587,0.000630119722747322
2024-02,4,7,8,1587,0.005040957781978576
2024-02,5,10,18,1587,0.011342155009451797
2024-02,6,12,30,1587,0.01890359168241966
2024-02,7,17,47,1587,0.029615626969124134
2024-02,8,15,62,1587,0.039067422810333964
2024-02,9,14,76,1587,0.04788909892879647
2024-02,10,13,89,1587,0.056080655324511654
2024-02,11,18,107,1587,0.06742281033396345
2024-02,12,23,130,1587,0.08191556395715185
2024-02,13,27,157,1587,0.09892879647132956
2024-02,14,28,185,1587,0.11657214870825457
2024-02,15,26,211,1587,0.13295526149968495
2024-02,16,26,237,1587,0.14933837429111532
2024-02,17,21,258,1587,0.16257088846880907
2024-02,18,18,276,1587,0.17391304347826086
2024-02,19,17,293,1587,0.18462507876496534
2024-02,20,11,304,1587,0.19155639571518587
2024-02,21,10,314,1587,0.19785759294265912
2024-02,22,9,323,1587,0.203528670447385
2024-02,23,10,333,1587,0.20982986767485823
2024-02,24,9,342,1587,0.21550094517958412
2024-02,25,7,349,1587,0.21991178323881538
2024-03,0,0,0,1721,0.0
2024-03,1,0,0,1721,0.0
2024-03,2,0,0,1721,0.0
2024-03,3,3,3,1721,0.0017431725740848344
2024-03,4,9,12,1721,0.006972690296339338
2024-03,5,15,27,1721,0.01568855316676351
2024-03,6,18,45,1721,0.026147588611272515
2024-03,7,32,77,1721,0.04474142940151075
2024-03,8,36,113,1721,0.06565950029052876
2024-03,9,32,145,1721,0.084253341080767
2024-03,10,37,182,1721,0.10575246949447996
2024-03,11,39,221,1721,0.1284137129575828
2024-03,12,39,260,1721,0.15107495642068564
2024-03,13,42,302,1721,0.17547937245787332
2024-03,14,35,337,1721,0.1958163858221964
2024-03,15,30,367,1721,0.21324811156304474
2024-03,16,28,395,1721,0.2295177222545032
2024-03,17,23,418,1721,0.24288204532248692
2024-03,18,19,437,1721,0.25392213829169086
2024-03,19,15,452,1721,0.26263800116211505
2024-03,20,8,460,1721,0.2672864613596746
2024-03,21,8,468,1721,0.27193492155723414
2024-03,22,6,474,1721,0.27542126670540384
2024-03,23,6,480,1721,0.2789076118535735
2024-03,24,4,484,1721,0.2812318419523533
2024-04,0,0,0,1619,0.0
2024-04,1,0,0,1619,0.0
2024-04,2,0,0,1619,0.0
2024-04,3,3,3,1619,0.0018529956763434219
2024-04,4,8,11,1619,0.0067943174799258805
2024-04,5,19,30,1619,0.01852995676343422
2024-04,6,27,57,1619,0.035206917850525016
2024-04,7,36,93,1619,0.05744286596664608
2024-04,8,39,132,1619,0.08153180975911056
2024-04,9,43,175,1619,0.10809141445336627
2024-04,10,47,222,1619,0.13712168004941322
2024-04,11,38,260,1619,0.1605929586164299
2024-04,12,35,295,1619,0.18221124150710316
2024-04,13,31,326,1619,0.20135886349598517
2024-04,14,34,360,1619,0.22235948116121063
2024-04,15,31,391,1619,0.24150710315009266
2024-04,16,28,419,1619,0.25880172946263125
2024-04,17,20,439,1619,0.2711550339715874
2024-04,18,20,459,1619,0.2835083384805435
2024-04,19,14,473,1619,0.29215565163681284
2024-04,20,9,482,1619,0.29771463866584313
2024-04,21,9,491,1619,0.30327362569487337
2024-04,22,9,500,1619,0.30883261272390367
2024-04,23,8,508,1619,0.3137739345274861
2024-05,0,0,0,1500,0.0
2024-05,1,0,0,1500,0.0
2024-05,2,0,0,1500,0.0
2024-05,3,2,2,1500,0.0013333333333333333
2024-05,4,8,10,1500,0.006666666666666667
2024-05,5,16,26,1500,0.017333333333333333
2024-05,6,20,46,1500,0.030666666666666665
2024-05,7,28,74,1500,0.04933333333333333
2024-05,8,32,106,1500,0.07066666666666667
2024-05,9,28,134,1500,0.08933333333333333
2024-05,10,32,166,1500,0.11066666666666666
2024-05,11,34,200,1500,0.13333333333333333
2024-05,12,32,232,1500,0.15466666666666667
2024-05,13,31,263,1500,0.17533333333333334
2024-05,14,20,283,1500,0.18866666666666668
2024-05,15,18,301,1500,0.20066666666666666
2024-05,16,16,317,1500,0.21133333333333335
2024-05,17,11,328,1500,0.21866666666666668
2024-05,18,11,339,1500,0.226
2024-05,19,9,348,1500,0.232
2024-05,20,7,355,1500,0.23666666666666666
2024-05,21,7,362,1500,0.24133333333333334
2024-05,22,5,367,1500,0.24466666666666667
2024-06,0,0,0,1381,0.0
2024-06,1,0,0,1381,0.0
2024-06,2,0,0,1381,0.0
2024-06,3,0,0,1381,0.0
2024-06,4,3,3,1381,0.002172338884866039
2024-06,5,10,13,1381,0.00941346850108617
2024-06,6,15,28,1381,0.020275162925416364
2024-06,7,19,47,1381,0.03403330919623461
2024-06,8,25,72,1381,0.05213613323678494
2024-06,9,32,104,1381,0.07530774800868936
2024-06,10,33,137,1381,0.09920347574221579
2024-06,11,39,176,1381,0.1274438812454743
2024-06,12,33,209,1381,0.15133960897900073
2024-06,13,32,241,1381,0.17451122375090514
2024-06,14,25,266,1381,0.19261404779145547
2024-06,15,24,290,1381,0.20999275887038377
2024-06,16,24,314,1381,0.2273714699493121
2024-06,17,16,330,1381,0.2389572773352643
2024-06,18,15,345,1381,0.2498189717595945
2024-06,19,13,358,1381,0.25923244026068065
2024-06,20,6,364,1381,0.2635771180304127
2024-06,21,4,368,1381,0.2664735698769008
2024-07,0,0,0,1215,0.0
2024-07,1,0,0,1215,0.0
2024-07,2,0,0,1215,0.0
2024-07,3,0,0,1215,0.0
2024-07,4,0,0,1215,0.0
2024-07,5,10,10,1215,0.00823045267489712
2024-07,6,10,20,1215,0.01646090534979424
2024-07,7,22,42,1215,0.0345679012345679
2024-07,8,25,67,1215,0.0551440329218107
2024-07,9,25,92,1215,0.0757201646090535
2024-07,10,35,127,1215,0.10452674897119342
2024-07,11,33,160,1215,0.13168724279835392
2024-07,12,32,192,1215,0.1580246913580247
2024-07,13,24,216,1215,0.17777777777777778
2024-07,14,24,240,1215,0.19753086419753085
2024-07,15,19,259,1215,0.21316872427983538
2024-07,16,14,273,1215,0.22469135802469137
2024-07,17,11,284,1215,0.2337448559670782
2024-07,18,10,294,1215,0.2419753086419753
2024-07,19,10,304,1215,0.25020576131687244
2024-07,20,2,306,1215,0.2518518518518518
2024-08,0,0,0,1171,0.0
2024-08,1,0,0,1171,0.0
2024-08,2,0,0,1171,0.0
2024-08,3,2,2,1171,0.0017079419299743809
2024-08,4,4,6,1171,0.005123825789923143
2024-08,5,10,16,1171,0.013663535439795047
2024-08,6,18,34,1171,0.029035012809564473
2024-08,7,27,61,1171,0.05209222886421862
2024-08,8,29,90,1171,0.07685738684884715
2024-08,9,34,124,1171,0.10589239965841162
2024-08,10,41,165,1171,0.14090520922288644
2024-08,11,41,206,1171,0.17591801878736124
2024-08,12,42,248,1171,0.21178479931682323
2024-08,13,37,285,1171,0.24338172502134928
2024-08,14,21,306,1171,0.26131511528608026
2024-08,15,22,328,1171,0.28010247651579845
2024-08,16,17,345,1171,0.2946199829205807
2024-08,17,12,357,1171,0.304867634500427
2024-08,18,10,367,1171,0.3134073441502989
2024-08,19,8,375,1171,0.32023911187019644
2024-09,0,0,0,1090,0.0
2024-09,1,0,0,1090,0.0
2024-09,2,1,1,1090,0.0009174311926605505
2024-09,3,3,4,1090,0.003669724770642202
2024-09,4,4,8,1090,0.007339449541284404
2024-09,5,6,14,1090,0.012844036697247707
2024-09,6,17,31,1090,0.028440366972477066
2024-09,7,20,51,1090,0.046788990825688076
2024-09,8,22,73,1090,0.06697247706422019
2024-09,9,23,96,1090,0.08807339449541285
2024-09,10,22,118,1090,0.10825688073394496
2024-09,11,24,142,1090,0.13027522935779817
2024-09,12,23,165,1090,0.15137614678899083
2024-09,13,24,189,1090,0.17339449541284405
2024-09,14,21,210,1090,0.1926605504587156
2024-09,15,22,232,1090,0.21284403669724772
2024-09,16,20,252,1090,0.23119266055045873
2024-09,17,15,267,1090,0.24495412844036699
2024-09,18,10,277,1090,0.25412844036697246
2024-10,0,0,0,1162,0.0
2024-10,1,0,0,1162,0.0
2024-10,2,1,1,1162,0.0008605851979345956
2024-10,3,2,3,1162,0.0025817555938037868
2024-10,4,9,12,1162,0.010327022375215147
2024-10,5,23,35,1162,0.030120481927710843
2024-10,6,25,60,1162,0.05163511187607573
2024-10,7,30,90,1162,0.0774526678141136
2024-10,8,34,124,1162,0.10671256454388985
2024-10,9,35,159,1162,0.1368330464716007
2024-10,10,35,194,1162,0.16695352839931152
2024-10,11,38,232,1162,0.19965576592082615
2024-10,12,33,265,1162,0.22805507745266781
2024-10,13,32,297,1162,0.25559380378657487
2024-10,14,19,316,1162,0.2719449225473322
2024-10,15,21,337,1162,0.29001721170395867
2024-10,16,16,353,1162,0.3037865748709122
2024-10,17,10,363,1162,0.3123924268502582
2024-11,0,0,0,888,0.0
2024-11,1,0,0,888,0.0
2024-11,2,1,1,888,0.0011261261261261261
2024-11,3,5,6,888,0.006756756756756757
2024-11,4,13,19,888,0.021396396396396396
2024-11,5,19,38,888,0.04279279279279279
2024-11,6,24,62,888,0.06981981981981981
2024-11,7,25,87,888,0.09797297297297297
2024-11,8,25,112,888,0.12612612612612611
2024-11,9,21,133,888,0.14977477477477477
2024-11,10,24,157,888,0.1768018018018018
2024-11,11,26,183,888,0.20608108108108109
2024-11,12,21,204,888,0.22972972972972974
2024-11,13,18,222,888,0.25
2024-11,14,15,237,888,0.2668918918918919
2024-11,15,15,252,888,0.28378378378378377
2024-11,16,15,267,888,0.30067567567567566
2024-12,0,0,0,808,0.0
2024-12,1,0,0,808,0.0
2024-12,2,1,1,808,0.0012376237623762376
2024-12,3,4,5,808,0.006188118811881188
2024-12,4,6,11,808,0.013613861386138614
2024-12,5,11,22,808,0.027227722772277228
2024-12,6,14,36,808,0.04455445544554455
2024-12,7,17,53,808,0.0655940594059406
2024-12,8,19,72,808,0.0891089108910891
2024-12,9,19,91,808,0.11262376237623763
2024-12,10,20,111,808,0.1373762376237624
2024-12,11,17,128,808,0.15841584158415842
2024-12,12,18,146,808,0.1806930693069307
2024-12,13,14,160,808,0.19801980198019803
2024-12,14,7,167,808,0.20668316831683167
2024-12,15,8,175,808,0.21658415841584158
2025-01,0,0,0,962,0.0
2025-01,1,0,0,962,0.0
2025-01,2,0,0,962,0.0
2025-01,3,3,3,962,0.0031185031185031187
2025-01,4,7,10,962,0.010395010395010396
2025-01,5,12,22,962,0.02286902286902287
2025-01,6,18,40,962,0.04158004158004158
2025-01,7,19,59,962,0.061330561330561334
2025-01,8,19,78,962,0.08108108108108109
2025-01,9,22,100,962,0.10395010395010396
2025-01,10,21,121,962,0.1257796257796258
2025-01,11,17,138,962,0.14345114345114346
2025-01,12,17,155,962,0.16112266112266113
2025-01,13,13,168,962,0.17463617463617465
2025-01,14,12,180,962,0.18711018711018712
2025-02,0,0,0,990,0.0
2025-02,1,0,0,990,0.0
2025-02,2,0,0,990,0.0
2025-02,3,2,2,990,0.00202020202020202
2025-02,4,3,5,990,0.005050505050505051
2025-02,5,4,9,990,0.00909090909090909
2025-02,6,7,16,990,0.01616161616161616
2025-02,7,9,25,990,0.025252525252525252
2025-02,8,13,38,990,0.03838383838383838
2025-02,9,12,50,990,0.050505050505050504
2025-02,10,12,62,990,0.06262626262626263
2025-02,11,10,72,990,0.07272727272727272
2025-02,12,11,83,990,0.08383838383838384
2025-02,13,7,90,990,0.09090909090909091
2025-03,0,0,0,1369,0.0
2025-03,1,0,0,1369,0.0
2025-03,2,0,0,1369,0.0
2025-03,3,3,3,1369,0.002191380569758948
2025-03,4,6,9,1369,0.006574141709276844
2025-03,5,10,19,1369,0.013878743608473338
2025-03,6,13,32,1369,0.02337472607742878
2025-03,7,17,49,1369,0.03579254930606282
2025-03,8,17,66,1369,0.04821037253469686
2025-03,9,21,87,1369,0.0635500365230095
2025-03,10,20,107,1369,0.07815924032140248
2025-03,11,24,131,1369,0.09569028487947406
2025-03,12,18,149,1369,0.10883856829802775
